model,auc
drift,0.5233103038982923
periodic,0.4193023030759426
static,0.2644187462815091
